example_id,source,source_file,pair_id,change_id,old_text,new_text,combined_text,operation_type,semantic_type,significance_label,high_priority_label,is_gold,is_synthetic,is_weak,label_source,confidence,notes,old_length,new_length,length_delta,relative_length_delta,has_number,has_date,has_deadline_terms,has_obligation_terms,has_refusal_terms,has_document_terms,has_responsibility_terms,has_procedure_terms,has_payment_terms,has_editorial_terms,has_legal_reference,has_modal_verbs,text_complexity_bucket,y_significance,y_high_priority,y_semantic_type,rule_based_label,rule_based_confidence,rule_based_reason,rule_based_requires_manual_review
pair_01_deadline_change:chg_001,significance_gold_results,experiments/significance/significance_results.csv,pair_01_deadline_change,chg_001,Срок рассмотрения заявления составляет 10 рабочих дней со дня его регистрации.,Срок рассмотрения заявления составляет 7 рабочих дней со дня его регистрации.,Срок рассмотрения заявления составляет 10 рабочих дней со дня его регистрации. Срок рассмотрения заявления составляет 7 рабочих дней со дня его регистрации.,modified,deadline,critical,1,1,0,0,significance_results_csv,1.0,Срок рассмотрения заявления сокращен с 10 до 7 рабочих дней.,78,77,1,0.0128,1,0,1,0,0,0,0,0,0,0,0,0,medium,critical,1,deadline,critical,1.0,"Изменение затрагивает ключевые условия применения документа, обязанности, сроки или основания отказа. Сработали правила: change_type=deadline, critical_keywords.",0
pair_02_added_obligation:chg_001,significance_gold_results,experiments/significance/significance_results.csv,pair_02_added_obligation,chg_001,,Сотрудник обязан уведомить заявителя о результате рассмотрения обращения через локальную систему уведомлений.,Сотрудник обязан уведомить заявителя о результате рассмотрения обращения через локальную систему уведомлений.,added,obligation,critical,1,1,0,0,significance_results_csv,1.0,Добавлена новая обязанность сотрудника уведомлять заявителя о результате рассмотрения обращения.,0,109,109,1.0,0,0,0,1,0,0,0,0,0,0,0,1,short,critical,1,obligation,critical,1.0,"Изменение затрагивает ключевые условия применения документа, обязанности, сроки или основания отказа. Сработали правила: change_type=obligation, critical_keywords.",0
pair_03_document_list_change:chg_001,significance_gold_results,experiments/significance/significance_results.csv,pair_03_document_list_change,chg_001,,"г) копию документа, подтверждающего полномочия представителя, если заявление подает представитель.","г) копию документа, подтверждающего полномочия представителя, если заявление подает представитель.",added,document,critical,1,1,0,0,significance_results_csv,1.0,"В перечень обязательных документов добавлена копия документа, подтверждающего полномочия представителя.",0,98,98,1.0,0,0,0,0,0,0,0,0,0,0,0,0,short,critical,1,document,critical,1.0,"Изменение затрагивает ключевые условия применения документа, обязанности, сроки или основания отказа. Сработали правила: change_type=document.",0
pair_04_refusal_ground_change:chg_001,significance_gold_results,experiments/significance/significance_results.csv,pair_04_refusal_ground_change,chg_001,,Основанием для отказа является непредставление обязательных документов в установленный срок.,Основанием для отказа является непредставление обязательных документов в установленный срок.,added,refusal,critical,1,1,0,0,significance_results_csv,1.0,Добавлено новое основание отказа: непредставление обязательных документов в установленный срок.,0,92,92,1.0,0,0,1,0,0,1,0,0,0,0,0,0,short,critical,1,refusal,critical,1.0,"Изменение затрагивает ключевые условия применения документа, обязанности, сроки или основания отказа. Сработали правила: change_type=refusal, critical_keywords.",0
pair_07_responsibility_change:chg_001,significance_gold_results,experiments/significance/significance_results.csv,pair_07_responsibility_change,chg_001,,За нарушение срока обработки заявления сотрудник несет ответственность в соответствии с внутренним регламентом подразделения.,За нарушение срока обработки заявления сотрудник несет ответственность в соответствии с внутренним регламентом подразделения.,added,responsibility,critical,1,1,0,0,significance_results_csv,1.0,Добавлено правило об ответственности сотрудника за нарушение срока обработки заявления.,0,125,125,1.0,0,0,0,0,0,0,0,0,0,0,0,0,medium,critical,1,responsibility,critical,1.0,"Изменение затрагивает ключевые условия применения документа, обязанности, сроки или основания отказа. Сработали правила: change_type=responsibility, critical_keywords.",0
pair_10_weakly_structured_document:chg_001,significance_gold_results,experiments/significance/significance_results.csv,pair_10_weakly_structured_document,chg_001,Обращение рассматривается ответственным подразделением в течение 5 рабочих дней. По итогам рассмотрения готовится ответ с описанием результата и дальнейших действий.,Обращение рассматривается ответственным подразделением в течение 3 рабочих дней. По итогам рассмотрения готовится ответ с описанием результата и дальнейших действий.,Обращение рассматривается ответственным подразделением в течение 5 рабочих дней. По итогам рассмотрения готовится ответ с описанием результата и дальнейших действий. Обращение рассматривается ответственным подразделением в течение 3 рабочих дней. По итогам рассмотрения готовится ответ с описанием результата и дальнейших действий.,modified,deadline,critical,1,1,0,0,significance_results_csv,1.0,В слабо структурированном документе срок рассмотрения обращения изменен с 5 до 3 рабочих дней.,165,165,0,0.0,1,0,1,0,0,0,0,0,0,0,0,0,long,critical,1,deadline,critical,1.0,"Изменение затрагивает ключевые условия применения документа, обязанности, сроки или основания отказа. Сработали правила: change_type=deadline, critical_keywords.",0
synthetic_deadline_change_002:chg_001,curated_synthetic,generated:curated_synthetic,synthetic_deadline_change_002,chg_001,Запрос подлежит обработке в течение 20 календарных дней.,Запрос подлежит обработке в течение 12 календарных дней.,Запрос подлежит обработке в течение 20 календарных дней. Запрос подлежит обработке в течение 12 календарных дней.,modified,deadline_change,critical,1,0,1,0,curated_synthetic,0.9,Сокращен календарный срок обработки.,56,56,0,0.0,1,0,1,1,0,0,0,0,0,0,0,1,short,critical,1,deadline_change,important,0.51,"Изменение влияет на порядок работы или условия взаимодействия, но не относится к наиболее критичным. Сработали правила: fallback_manual_review. Для этого изменения автоматическая оценка недостаточно уверенная, рекомендуется ручная проверка.",1
synthetic_deadline_change_003:chg_001,curated_synthetic,generated:curated_synthetic,synthetic_deadline_change_003,chg_001,Справка выдается не позднее 7 рабочих дней.,Справка выдается не позднее 3 рабочих дней.,Справка выдается не позднее 7 рабочих дней. Справка выдается не позднее 3 рабочих дней.,modified,deadline_change,critical,1,0,1,0,curated_synthetic,0.9,Срок выдачи справки сокращен.,43,43,0,0.0,1,0,1,0,0,0,0,0,0,0,0,0,short,critical,1,deadline_change,critical,0.9,"Изменение затрагивает ключевые условия применения документа, обязанности, сроки или основания отказа. Сработали правила: critical_keywords.",0
synthetic_deadline_change_005:chg_001,curated_synthetic,generated:curated_synthetic,synthetic_deadline_change_005,chg_001,Обращение хранится до 30 календарных дней.,Обращение хранится до 10 календарных дней.,Обращение хранится до 30 календарных дней. Обращение хранится до 10 календарных дней.,modified,deadline_change,critical,1,0,1,0,curated_synthetic,0.9,Сокращен срок хранения обращения.,42,42,0,0.0,1,0,1,0,0,0,0,0,0,0,0,0,short,critical,1,deadline_change,important,0.51,"Изменение влияет на порядок работы или условия взаимодействия, но не относится к наиболее критичным. Сработали правила: fallback_manual_review. Для этого изменения автоматическая оценка недостаточно уверенная, рекомендуется ручная проверка.",1
synthetic_deadline_change_006:chg_001,curated_synthetic,generated:curated_synthetic,synthetic_deadline_change_006,chg_001,Срок повторной проверки составляет 14 дней.,Срок повторной проверки составляет 5 дней.,Срок повторной проверки составляет 14 дней. Срок повторной проверки составляет 5 дней.,modified,deadline_change,critical,1,0,1,0,curated_synthetic,0.9,Сокращен срок повторной проверки.,43,42,1,0.0233,1,0,1,0,0,0,0,0,0,0,0,0,short,critical,1,deadline_change,critical,0.9,"Изменение затрагивает ключевые условия применения документа, обязанности, сроки или основания отказа. Сработали правила: critical_keywords.",0
synthetic_deadline_change_007:chg_001,curated_synthetic,generated:curated_synthetic,synthetic_deadline_change_007,chg_001,Уточнение документов допускается в течение 9 рабочих дней.,Уточнение документов допускается в течение 4 рабочих дней.,Уточнение документов допускается в течение 9 рабочих дней. Уточнение документов допускается в течение 4 рабочих дней.,modified,deadline_change,critical,1,0,1,0,curated_synthetic,0.9,Сокращен срок уточнения документов.,58,58,0,0.0,1,0,1,0,0,1,0,0,0,0,0,0,short,critical,1,deadline_change,critical,0.9,"Изменение затрагивает ключевые условия применения документа, обязанности, сроки или основания отказа. Сработали правила: critical_keywords.",0
synthetic_deadline_change_009:chg_001,curated_synthetic,generated:curated_synthetic,synthetic_deadline_change_009,chg_001,Срок ответа на внутренний запрос составляет 11 рабочих дней.,Срок ответа на внутренний запрос составляет 5 рабочих дней.,Срок ответа на внутренний запрос составляет 11 рабочих дней. Срок ответа на внутренний запрос составляет 5 рабочих дней.,modified,deadline_change,critical,1,0,1,0,curated_synthetic,0.9,Сокращен внутренний срок ответа.,60,59,1,0.0167,1,0,1,0,0,0,0,0,0,0,0,0,medium,critical,1,deadline_change,critical,0.9,"Изменение затрагивает ключевые условия применения документа, обязанности, сроки или основания отказа. Сработали правила: critical_keywords.",0
synthetic_deadline_change_010:chg_001,curated_synthetic,generated:curated_synthetic,synthetic_deadline_change_010,chg_001,Проверка полномочий проводится в течение 8 рабочих дней.,Проверка полномочий проводится в течение 2 рабочих дней.,Проверка полномочий проводится в течение 8 рабочих дней. Проверка полномочий проводится в течение 2 рабочих дней.,modified,deadline_change,critical,1,0,1,0,curated_synthetic,0.9,Сокращен срок проверки полномочий.,56,56,0,0.0,1,0,1,0,0,0,0,0,0,0,0,0,short,critical,1,deadline_change,critical,0.9,"Изменение затрагивает ключевые условия применения документа, обязанности, сроки или основания отказа. Сработали правила: critical_keywords.",0
synthetic_obligation_change_002:chg_001,curated_synthetic,generated:curated_synthetic,synthetic_obligation_change_002,chg_001,,Ответственный специалист обязан проверить комплектность документов до регистрации обращения.,Ответственный специалист обязан проверить комплектность документов до регистрации обращения.,added,obligation_change,critical,1,0,1,0,curated_synthetic,0.9,Добавлена обязанность предварительной проверки.,0,92,92,1.0,0,0,0,1,0,1,0,0,0,0,0,1,short,critical,1,obligation_change,critical,0.9,"Изменение затрагивает ключевые условия применения документа, обязанности, сроки или основания отказа. Сработали правила: critical_keywords.",0
synthetic_obligation_change_003:chg_001,curated_synthetic,generated:curated_synthetic,synthetic_obligation_change_003,chg_001,,Сотрудник обязан зафиксировать причину отказа в журнале регистрации.,Сотрудник обязан зафиксировать причину отказа в журнале регистрации.,added,obligation_change,critical,1,0,1,0,curated_synthetic,0.9,Добавлена обязанность фиксации причины отказа.,0,68,68,1.0,0,0,0,1,0,0,0,0,0,0,0,1,short,critical,1,obligation_change,critical,0.9,"Изменение затрагивает ключевые условия применения документа, обязанности, сроки или основания отказа. Сработали правила: critical_keywords.",0
synthetic_obligation_change_004:chg_001,curated_synthetic,generated:curated_synthetic,synthetic_obligation_change_004,chg_001,,Специалист обязан приложить копию доверенности к электронному досье.,Специалист обязан приложить копию доверенности к электронному досье.,added,obligation_change,critical,1,0,1,0,curated_synthetic,0.9,Добавлена обязанность приложить документ.,0,68,68,1.0,0,0,0,1,0,0,0,0,0,0,0,1,short,critical,1,obligation_change,critical,0.9,"Изменение затрагивает ключевые условия применения документа, обязанности, сроки или основания отказа. Сработали правила: critical_keywords.",0
synthetic_obligation_change_006:chg_001,curated_synthetic,generated:curated_synthetic,synthetic_obligation_change_006,chg_001,,Ответственный специалист обязан уведомить руководителя о нарушении срока обработки.,Ответственный специалист обязан уведомить руководителя о нарушении срока обработки.,added,obligation_change,critical,1,0,1,0,curated_synthetic,0.9,Добавлена обязанность эскалации.,0,83,83,1.0,0,0,0,1,0,0,0,0,0,0,0,1,short,critical,1,obligation_change,critical,0.9,"Изменение затрагивает ключевые условия применения документа, обязанности, сроки или основания отказа. Сработали правила: critical_keywords.",0
synthetic_obligation_change_007:chg_001,curated_synthetic,generated:curated_synthetic,synthetic_obligation_change_007,chg_001,,Сотрудник обязан сформировать проект ответа в течение одного рабочего дня.,Сотрудник обязан сформировать проект ответа в течение одного рабочего дня.,added,obligation_change,critical,1,0,1,0,curated_synthetic,0.9,Добавлена обязанность оперативной подготовки ответа.,0,74,74,1.0,0,0,1,1,0,0,0,0,0,0,0,1,short,critical,1,obligation_change,critical,0.9,"Изменение затрагивает ключевые условия применения документа, обязанности, сроки или основания отказа. Сработали правила: critical_keywords.",0
synthetic_obligation_change_008:chg_001,curated_synthetic,generated:curated_synthetic,synthetic_obligation_change_008,chg_001,,Исполнитель обязан проверить наличие обязательных приложений перед передачей дела.,Исполнитель обязан проверить наличие обязательных приложений перед передачей дела.,added,obligation_change,critical,1,0,1,0,curated_synthetic,0.9,Добавлена обязанность проверки приложений.,0,82,82,1.0,0,0,0,1,0,0,0,0,0,0,0,1,short,critical,1,obligation_change,critical,0.9,"Изменение затрагивает ключевые условия применения документа, обязанности, сроки или основания отказа. Сработали правила: critical_keywords.",0
synthetic_obligation_change_010:chg_001,curated_synthetic,generated:curated_synthetic,synthetic_obligation_change_010,chg_001,,Специалист обязан внести отметку о проведении консультации в учетную систему.,Специалист обязан внести отметку о проведении консультации в учетную систему.,added,obligation_change,critical,1,0,1,0,curated_synthetic,0.9,Добавлена обязанность регистрации консультации.,0,77,77,1.0,0,0,0,1,0,0,0,0,0,0,0,1,short,critical,1,obligation_change,critical,0.9,"Изменение затрагивает ключевые условия применения документа, обязанности, сроки или основания отказа. Сработали правила: critical_keywords.",0
synthetic_refusal_ground_change_002:chg_001,curated_synthetic,generated:curated_synthetic,synthetic_refusal_ground_change_002,chg_001,,Основанием для отказа является несоответствие доверенности установленной форме.,Основанием для отказа является несоответствие доверенности установленной форме.,added,refusal_ground_change,critical,1,0,1,0,curated_synthetic,0.9,Добавлено основание отказа по доверенности.,0,79,79,1.0,0,0,0,0,0,0,0,0,0,0,0,0,short,critical,1,refusal_ground_change,critical,0.9,"Изменение затрагивает ключевые условия применения документа, обязанности, сроки или основания отказа. Сработали правила: critical_keywords.",0
synthetic_refusal_ground_change_004:chg_001,curated_synthetic,generated:curated_synthetic,synthetic_refusal_ground_change_004,chg_001,,Основанием для отказа является предоставление недостоверных сведений о заявителе.,Основанием для отказа является предоставление недостоверных сведений о заявителе.,added,refusal_ground_change,critical,1,0,1,0,curated_synthetic,0.9,Добавлено основание отказа по достоверности.,0,81,81,1.0,0,0,0,0,0,0,0,0,0,0,0,0,short,critical,1,refusal_ground_change,critical,0.9,"Изменение затрагивает ключевые условия применения документа, обязанности, сроки или основания отказа. Сработали правила: critical_keywords.",0
synthetic_refusal_ground_change_006:chg_001,curated_synthetic,generated:curated_synthetic,synthetic_refusal_ground_change_006,chg_001,,"Основанием для отказа является отсутствие документа, подтверждающего полномочия представителя.","Основанием для отказа является отсутствие документа, подтверждающего полномочия представителя.",added,refusal_ground_change,critical,1,0,1,0,curated_synthetic,0.9,Добавлено основание отказа по полномочиям.,0,94,94,1.0,0,0,0,0,0,0,0,0,0,0,0,0,short,critical,1,refusal_ground_change,critical,0.9,"Изменение затрагивает ключевые условия применения документа, обязанности, сроки или основания отказа. Сработали правила: critical_keywords.",0
synthetic_refusal_ground_change_007:chg_001,curated_synthetic,generated:curated_synthetic,synthetic_refusal_ground_change_007,chg_001,,Основанием для отказа является отсутствие согласия на обработку персональных данных.,Основанием для отказа является отсутствие согласия на обработку персональных данных.,added,refusal_ground_change,critical,1,0,1,0,curated_synthetic,0.9,Добавлено основание отказа по согласию.,0,84,84,1.0,0,0,0,0,0,0,0,0,0,0,0,0,short,critical,1,refusal_ground_change,critical,0.9,"Изменение затрагивает ключевые условия применения документа, обязанности, сроки или основания отказа. Сработали правила: critical_keywords.",0
synthetic_refusal_ground_change_008:chg_001,curated_synthetic,generated:curated_synthetic,synthetic_refusal_ground_change_008,chg_001,,Основанием для отказа является непредставление оригинала платежного документа.,Основанием для отказа является непредставление оригинала платежного документа.,added,refusal_ground_change,critical,1,0,1,0,curated_synthetic,0.9,Добавлено основание отказа по платежному документу.,0,78,78,1.0,0,0,0,0,0,0,0,0,0,0,0,0,short,critical,1,refusal_ground_change,critical,0.9,"Изменение затрагивает ключевые условия применения документа, обязанности, сроки или основания отказа. Сработали правила: critical_keywords.",0
synthetic_refusal_ground_change_010:chg_001,curated_synthetic,generated:curated_synthetic,synthetic_refusal_ground_change_010,chg_001,,Основанием для отказа является нарушение условий допуска к процедуре.,Основанием для отказа является нарушение условий допуска к процедуре.,added,refusal_ground_change,critical,1,0,1,0,curated_synthetic,0.9,Добавлено основание отказа по условиям допуска.,0,69,69,1.0,0,0,0,0,0,0,0,0,0,0,0,0,short,critical,1,refusal_ground_change,critical,0.9,"Изменение затрагивает ключевые условия применения документа, обязанности, сроки или основания отказа. Сработали правила: critical_keywords.",0
synthetic_responsibility_change_001:chg_001,curated_synthetic,generated:curated_synthetic,synthetic_responsibility_change_001,chg_001,,За нарушение срока обработки заявления сотрудник несет дисциплинарную ответственность.,За нарушение срока обработки заявления сотрудник несет дисциплинарную ответственность.,added,responsibility_change,critical,1,0,1,0,curated_synthetic,0.9,Добавлена дисциплинарная ответственность.,0,86,86,1.0,0,0,0,0,0,0,0,0,0,0,0,0,short,critical,1,responsibility_change,critical,0.9,"Изменение затрагивает ключевые условия применения документа, обязанности, сроки или основания отказа. Сработали правила: critical_keywords.",0
synthetic_responsibility_change_002:chg_001,curated_synthetic,generated:curated_synthetic,synthetic_responsibility_change_002,chg_001,,За несвоевременное уведомление заявителя ответственный специалист несет персональную ответственность.,За несвоевременное уведомление заявителя ответственный специалист несет персональную ответственность.,added,responsibility_change,critical,1,0,1,0,curated_synthetic,0.9,Добавлена персональная ответственность.,0,101,101,1.0,0,0,0,0,0,0,0,0,0,0,0,0,short,critical,1,responsibility_change,critical,0.9,"Изменение затрагивает ключевые условия применения документа, обязанности, сроки или основания отказа. Сработали правила: critical_keywords.",0
synthetic_responsibility_change_003:chg_001,curated_synthetic,generated:curated_synthetic,synthetic_responsibility_change_003,chg_001,,За неправомерный отказ в приеме документов сотрудник подлежит служебной проверке.,За неправомерный отказ в приеме документов сотрудник подлежит служебной проверке.,added,responsibility_change,critical,1,0,1,0,curated_synthetic,0.9,Добавлена ответственность за неправомерный отказ.,0,81,81,1.0,0,0,0,1,1,1,0,0,0,0,0,1,short,critical,1,responsibility_change,critical,0.9,"Изменение затрагивает ключевые условия применения документа, обязанности, сроки или основания отказа. Сработали правила: critical_keywords.",0
synthetic_responsibility_change_005:chg_001,curated_synthetic,generated:curated_synthetic,synthetic_responsibility_change_005,chg_001,,За разглашение служебной информации сотрудник несет ответственность по внутренним правилам.,За разглашение служебной информации сотрудник несет ответственность по внутренним правилам.,added,responsibility_change,critical,1,0,1,0,curated_synthetic,0.9,Добавлена ответственность за разглашение.,0,91,91,1.0,0,0,0,0,0,0,0,0,0,0,0,0,short,critical,1,responsibility_change,critical,0.9,"Изменение затрагивает ключевые условия применения документа, обязанности, сроки или основания отказа. Сработали правила: critical_keywords.",0
synthetic_responsibility_change_006:chg_001,curated_synthetic,generated:curated_synthetic,synthetic_responsibility_change_006,chg_001,,За утрату бумажного досье сотрудник несет материальную ответственность.,За утрату бумажного досье сотрудник несет материальную ответственность.,added,responsibility_change,critical,1,0,1,0,curated_synthetic,0.9,Добавлена материальная ответственность.,0,71,71,1.0,0,0,0,0,0,0,0,0,0,0,0,0,short,critical,1,responsibility_change,critical,0.9,"Изменение затрагивает ключевые условия применения документа, обязанности, сроки или основания отказа. Сработали правила: critical_keywords.",0
synthetic_responsibility_change_007:chg_001,curated_synthetic,generated:curated_synthetic,synthetic_responsibility_change_007,chg_001,,За несоблюдение порядка передачи дела сотрудник несет дисциплинарную ответственность.,За несоблюдение порядка передачи дела сотрудник несет дисциплинарную ответственность.,added,responsibility_change,critical,1,0,1,0,curated_synthetic,0.9,Добавлена ответственность за передачу дела.,0,85,85,1.0,0,0,0,0,0,0,0,0,0,0,0,0,short,critical,1,responsibility_change,critical,0.9,"Изменение затрагивает ключевые условия применения документа, обязанности, сроки или основания отказа. Сработали правила: critical_keywords.",0
synthetic_responsibility_change_008:chg_001,curated_synthetic,generated:curated_synthetic,synthetic_responsibility_change_008,chg_001,,За искажение сведений в учетной системе специалист подлежит внутреннему разбирательству.,За искажение сведений в учетной системе специалист подлежит внутреннему разбирательству.,added,responsibility_change,critical,1,0,1,0,curated_synthetic,0.9,Добавлена ответственность за искажение сведений.,0,88,88,1.0,0,0,0,1,0,0,0,0,0,0,0,1,short,critical,1,responsibility_change,important,0.51,"Изменение влияет на порядок работы или условия взаимодействия, но не относится к наиболее критичным. Сработали правила: fallback_manual_review. Для этого изменения автоматическая оценка недостаточно уверенная, рекомендуется ручная проверка.",1
synthetic_responsibility_change_010:chg_001,curated_synthetic,generated:curated_synthetic,synthetic_responsibility_change_010,chg_001,,За отсутствие отметки о консультации сотрудник несет ответственность по правилам подразделения.,За отсутствие отметки о консультации сотрудник несет ответственность по правилам подразделения.,added,responsibility_change,critical,1,0,1,0,curated_synthetic,0.9,Добавлена ответственность за отсутствие отметки.,0,95,95,1.0,0,0,0,0,0,0,0,0,0,0,0,0,short,critical,1,responsibility_change,critical,0.9,"Изменение затрагивает ключевые условия применения документа, обязанности, сроки или основания отказа. Сработали правила: critical_keywords.",0
pair_05_editorial_change:chg_001,significance_gold_results,experiments/significance/significance_results.csv,pair_05_editorial_change,chg_001,Сотрудник осуществляет проверку документов на предмет комплектности.,Сотрудник выполняет проверку документов на предмет комплектности.,Сотрудник осуществляет проверку документов на предмет комплектности. Сотрудник выполняет проверку документов на предмет комплектности.,modified,editorial,editorial,0,1,0,0,significance_results_csv,1.0,"Редакционная замена глагола без изменения обязанности, срока, перечня документов или процедуры.",68,65,3,0.0441,0,0,0,0,0,1,0,0,0,0,0,0,medium,editorial,0,editorial,editorial,1.0,Изменение похоже на редакционное или структурное и не меняет смысл по существу. Сработали правила: change_type=editorial.,0
pair_08_reordered_structure:chg_001,significance_gold_results,experiments/significance/significance_results.csv,pair_08_reordered_structure,chg_001,Контроль полноты сведений проводится до регистрации обращения.,Контроль полноты сведений проводится до регистрации обращения.,Контроль полноты сведений проводится до регистрации обращения. Контроль полноты сведений проводится до регистрации обращения.,moved,structure,editorial,0,1,0,0,significance_results_csv,1.0,Фрагмент перенесен в другой структурный раздел без изменения содержания.,62,62,0,0.0,0,0,0,0,0,0,0,0,0,0,0,0,medium,editorial,0,structure,editorial,1.0,"Изменение похоже на редакционное или структурное и не меняет смысл по существу. Сработали правила: change_type=structure, normalized_text_equal.",0
synthetic_formatting_or_editorial_change_001:chg_001,curated_synthetic,generated:curated_synthetic,synthetic_formatting_or_editorial_change_001,chg_001,Контроль полноты сведений проводится до регистрации обращения.,Контроль полноты сведений проводится до регистрации обращения.,Контроль полноты сведений проводится до регистрации обращения. Контроль полноты сведений проводится до регистрации обращения.,moved,formatting_or_editorial_change,editorial,0,0,1,0,curated_synthetic,0.9,Перенос фрагмента без изменения содержания.,62,62,0,0.0,0,0,0,0,0,0,0,0,0,0,0,0,medium,editorial,0,formatting_or_editorial_change,editorial,0.85,Изменение похоже на редакционное или структурное и не меняет смысл по существу. Сработали правила: normalized_text_equal.,0
synthetic_formatting_or_editorial_change_002:chg_001,curated_synthetic,generated:curated_synthetic,synthetic_formatting_or_editorial_change_002,chg_001,Порядок уведомления заявителя определяется регламентом.,Порядок уведомления заявителя определяется регламентом.,Порядок уведомления заявителя определяется регламентом. Порядок уведомления заявителя определяется регламентом.,moved,formatting_or_editorial_change,editorial,0,0,1,0,curated_synthetic,0.9,Структурный перенос без изменения текста.,55,55,0,0.0,0,0,0,0,0,0,0,1,0,0,0,0,short,editorial,0,formatting_or_editorial_change,important,0.9,"Изменение влияет на порядок работы или условия взаимодействия, но не относится к наиболее критичным. Сработали правила: important_keywords.",0
synthetic_formatting_or_editorial_change_003:chg_001,curated_synthetic,generated:curated_synthetic,synthetic_formatting_or_editorial_change_003,chg_001,Форма заявления приведена в приложении 1.,Форма заявления приведена в приложении 1.,Форма заявления приведена в приложении 1. Форма заявления приведена в приложении 1.,moved,formatting_or_editorial_change,editorial,0,0,1,0,curated_synthetic,0.9,Перенос строки в другой раздел без изменения смысла.,41,41,0,0.0,1,0,0,0,0,0,0,0,0,0,0,0,short,editorial,0,formatting_or_editorial_change,editorial,0.85,Изменение похоже на редакционное или структурное и не меняет смысл по существу. Сработали правила: normalized_text_equal.,0
synthetic_formatting_or_editorial_change_004:chg_001,curated_synthetic,generated:curated_synthetic,synthetic_formatting_or_editorial_change_004,chg_001,Справочный номер обращения указывается в уведомлении.,Справочный номер обращения указывается в уведомлении.,Справочный номер обращения указывается в уведомлении. Справочный номер обращения указывается в уведомлении.,moved,formatting_or_editorial_change,editorial,0,0,1,0,curated_synthetic,0.9,Редакционный перенос пункта.,53,53,0,0.0,0,0,0,0,0,0,0,0,0,0,0,0,short,editorial,0,formatting_or_editorial_change,important,0.9,"Изменение влияет на порядок работы или условия взаимодействия, но не относится к наиболее критичным. Сработали правила: important_keywords.",0
synthetic_formatting_or_editorial_change_005:chg_001,curated_synthetic,generated:curated_synthetic,synthetic_formatting_or_editorial_change_005,chg_001,Контактные данные публикуются на стенде подразделения.,Контактные данные публикуются на стенде подразделения.,Контактные данные публикуются на стенде подразделения. Контактные данные публикуются на стенде подразделения.,moved,formatting_or_editorial_change,editorial,0,0,1,0,curated_synthetic,0.9,Техническая перестановка без смыслового эффекта.,54,54,0,0.0,0,0,0,0,0,0,0,0,0,0,0,0,short,editorial,0,formatting_or_editorial_change,editorial,0.85,Изменение похоже на редакционное или структурное и не меняет смысл по существу. Сработали правила: normalized_text_equal.,0
synthetic_formatting_or_editorial_change_006:chg_001,curated_synthetic,generated:curated_synthetic,synthetic_formatting_or_editorial_change_006,chg_001,Заявитель вправе получить консультацию сотрудника.,Заявитель вправе получить консультацию сотрудника.,Заявитель вправе получить консультацию сотрудника. Заявитель вправе получить консультацию сотрудника.,moved,formatting_or_editorial_change,editorial,0,0,1,0,curated_synthetic,0.9,Перестановка блока без изменения текста.,50,50,0,0.0,0,0,0,0,0,0,0,0,0,0,0,1,short,editorial,0,formatting_or_editorial_change,editorial,0.85,Изменение похоже на редакционное или структурное и не меняет смысл по существу. Сработали правила: normalized_text_equal.,0
synthetic_formatting_or_editorial_change_007:chg_001,curated_synthetic,generated:curated_synthetic,synthetic_formatting_or_editorial_change_007,chg_001,Документы проверяются после регистрации обращения.,Документы проверяются после регистрации обращения.,Документы проверяются после регистрации обращения. Документы проверяются после регистрации обращения.,moved,formatting_or_editorial_change,editorial,0,0,1,0,curated_synthetic,0.9,Изменена позиция фрагмента без изменения смысла.,50,50,0,0.0,0,0,0,0,0,0,0,0,0,0,0,0,short,editorial,0,formatting_or_editorial_change,editorial,0.85,Изменение похоже на редакционное или структурное и не меняет смысл по существу. Сработали правила: normalized_text_equal.,0
synthetic_formatting_or_editorial_change_009:chg_001,curated_synthetic,generated:curated_synthetic,synthetic_formatting_or_editorial_change_009,chg_001,Результат проверки отражается в журнале учета.,Результат проверки отражается в журнале учета.,Результат проверки отражается в журнале учета. Результат проверки отражается в журнале учета.,moved,formatting_or_editorial_change,editorial,0,0,1,0,curated_synthetic,0.9,Перенос записи в другой раздел.,46,46,0,0.0,0,0,0,0,0,0,0,0,0,0,0,0,short,editorial,0,formatting_or_editorial_change,editorial,0.85,Изменение похоже на редакционное или структурное и не меняет смысл по существу. Сработали правила: normalized_text_equal.,0
synthetic_formatting_or_editorial_change_010:chg_001,curated_synthetic,generated:curated_synthetic,synthetic_formatting_or_editorial_change_010,chg_001,Уточнение сведений выполняется ответственным специалистом.,Уточнение сведений выполняется ответственным специалистом.,Уточнение сведений выполняется ответственным специалистом. Уточнение сведений выполняется ответственным специалистом.,moved,formatting_or_editorial_change,editorial,0,0,1,0,curated_synthetic,0.9,Редакционный перенос без смыслового эффекта.,58,58,0,0.0,0,0,0,0,0,0,0,0,0,0,0,0,short,editorial,0,formatting_or_editorial_change,editorial,0.85,Изменение похоже на редакционное или структурное и не меняет смысл по существу. Сработали правила: normalized_text_equal.,0
synthetic_terminology_change_001:chg_001,curated_synthetic,generated:curated_synthetic,synthetic_terminology_change_001,chg_001,Сотрудник осуществляет проверку комплектности документов.,Сотрудник выполняет проверку комплектности документов.,Сотрудник осуществляет проверку комплектности документов. Сотрудник выполняет проверку комплектности документов.,modified,terminology_change,editorial,0,0,1,0,curated_synthetic,0.9,Замена глагола без смыслового эффекта.,57,54,3,0.0526,0,0,0,0,0,1,0,0,0,0,0,0,short,editorial,0,terminology_change,important,0.51,"Изменение влияет на порядок работы или условия взаимодействия, но не относится к наиболее критичным. Сработали правила: fallback_manual_review. Для этого изменения автоматическая оценка недостаточно уверенная, рекомендуется ручная проверка.",1
synthetic_terminology_change_002:chg_001,curated_synthetic,generated:curated_synthetic,synthetic_terminology_change_002,chg_001,Проверка проводится в соответствии с регламентом.,Проверка проводится согласно регламенту.,Проверка проводится в соответствии с регламентом. Проверка проводится согласно регламенту.,modified,terminology_change,editorial,0,0,1,0,curated_synthetic,0.9,Замена речевой конструкции.,49,40,9,0.1837,0,0,0,0,0,0,0,0,0,0,0,0,short,editorial,0,terminology_change,important,0.51,"Изменение влияет на порядок работы или условия взаимодействия, но не относится к наиболее критичным. Сработали правила: fallback_manual_review. Для этого изменения автоматическая оценка недостаточно уверенная, рекомендуется ручная проверка.",1
synthetic_terminology_change_003:chg_001,curated_synthetic,generated:curated_synthetic,synthetic_terminology_change_003,chg_001,Заявитель направляет письменное уведомление.,Заявитель направляет письменное сообщение.,Заявитель направляет письменное уведомление. Заявитель направляет письменное сообщение.,modified,terminology_change,editorial,0,0,1,0,curated_synthetic,0.9,Терминологическая замена.,44,42,2,0.0455,0,0,0,0,0,0,0,0,0,0,0,0,short,editorial,0,terminology_change,important,0.9,"Изменение влияет на порядок работы или условия взаимодействия, но не относится к наиболее критичным. Сработали правила: important_keywords.",0
synthetic_terminology_change_006:chg_001,curated_synthetic,generated:curated_synthetic,synthetic_terminology_change_006,chg_001,Сотрудник информирует заявителя о результате.,Сотрудник уведомляет заявителя о результате.,Сотрудник информирует заявителя о результате. Сотрудник уведомляет заявителя о результате.,modified,terminology_change,editorial,0,0,1,0,curated_synthetic,0.9,Замена слова без изменения обязательства.,45,44,1,0.0222,0,0,0,0,0,0,0,0,0,0,0,0,short,editorial,0,terminology_change,important,0.51,"Изменение влияет на порядок работы или условия взаимодействия, но не относится к наиболее критичным. Сработали правила: fallback_manual_review. Для этого изменения автоматическая оценка недостаточно уверенная, рекомендуется ручная проверка.",1
synthetic_terminology_change_008:chg_001,curated_synthetic,generated:curated_synthetic,synthetic_terminology_change_008,chg_001,Сведения размещаются в локальной системе учета.,Сведения размещаются в внутренней системе учета.,Сведения размещаются в локальной системе учета. Сведения размещаются в внутренней системе учета.,modified,terminology_change,editorial,0,0,1,0,curated_synthetic,0.9,Терминологическое уточнение.,47,48,1,0.0208,0,0,0,0,0,0,0,0,0,0,0,0,short,editorial,0,terminology_change,important,0.51,"Изменение влияет на порядок работы или условия взаимодействия, но не относится к наиболее критичным. Сработали правила: fallback_manual_review. Для этого изменения автоматическая оценка недостаточно уверенная, рекомендуется ручная проверка.",1
pair_06_procedure_change:chg_001,significance_gold_results,experiments/significance/significance_results.csv,pair_06_procedure_change,chg_001,Заявление подается заявителем на бумажном носителе через ответственное подразделение.,Заявление может быть подано на бумажном носителе через ответственное подразделение или через электронную форму во внутреннем портале.,Заявление подается заявителем на бумажном носителе через ответственное подразделение. Заявление может быть подано на бумажном носителе через ответственное подразделение или через электронную форму во внутреннем портале.,modified,procedure,important,1,1,0,0,significance_results_csv,1.0,Изменен порядок подачи заявления: добавлена возможность подачи через электронную форму во внутреннем портале.,85,133,48,0.3609,0,0,0,0,0,0,0,0,0,0,0,1,medium,important,1,procedure,important,1.0,"Изменение влияет на порядок работы или условия взаимодействия, но не относится к наиболее критичным. Сработали правила: change_type=procedure.",0
synthetic_document_list_change_001:chg_001,curated_synthetic,generated:curated_synthetic,synthetic_document_list_change_001,chg_001,,"В перечень документов включается копия документа, подтверждающего полномочия представителя.","В перечень документов включается копия документа, подтверждающего полномочия представителя.",added,document_list_change,important,1,0,1,0,curated_synthetic,0.9,Добавлен документ о полномочиях представителя.,0,91,91,1.0,0,0,0,0,0,1,0,0,0,0,0,0,short,important,1,document_list_change,important,0.9,"Изменение влияет на порядок работы или условия взаимодействия, но не относится к наиболее критичным. Сработали правила: important_keywords.",0
synthetic_document_list_change_002:chg_001,curated_synthetic,generated:curated_synthetic,synthetic_document_list_change_002,chg_001,,"К заявлению прилагается копия документа, подтверждающего регистрацию по месту пребывания.","К заявлению прилагается копия документа, подтверждающего регистрацию по месту пребывания.",added,document_list_change,important,1,0,1,0,curated_synthetic,0.9,Добавлен документ о регистрации.,0,89,89,1.0,0,0,0,0,0,0,0,0,0,0,0,0,short,important,1,document_list_change,important,0.9,"Изменение влияет на порядок работы или условия взаимодействия, но не относится к наиболее критичным. Сработали правила: important_keywords.",0
synthetic_document_list_change_005:chg_001,curated_synthetic,generated:curated_synthetic,synthetic_document_list_change_005,chg_001,,При подаче заявления прилагается копия согласия на обработку персональных данных.,При подаче заявления прилагается копия согласия на обработку персональных данных.,added,document_list_change,important,1,0,1,0,curated_synthetic,0.9,Добавлено согласие на обработку данных.,0,81,81,1.0,0,0,0,0,0,0,0,0,0,0,0,0,short,important,1,document_list_change,important,0.51,"Изменение влияет на порядок работы или условия взаимодействия, но не относится к наиболее критичным. Сработали правила: fallback_manual_review. Для этого изменения автоматическая оценка недостаточно уверенная, рекомендуется ручная проверка.",1
synthetic_document_list_change_008:chg_001,curated_synthetic,generated:curated_synthetic,synthetic_document_list_change_008,chg_001,,В перечень обязательных документов включается копия решения комиссии.,В перечень обязательных документов включается копия решения комиссии.,added,document_list_change,important,1,0,1,0,curated_synthetic,0.9,Добавлено решение комиссии.,0,69,69,1.0,0,0,0,0,0,1,0,0,0,0,0,0,short,important,1,document_list_change,critical,0.9,"Изменение затрагивает ключевые условия применения документа, обязанности, сроки или основания отказа. Сработали правила: critical_keywords.",0
synthetic_document_list_change_009:chg_001,curated_synthetic,generated:curated_synthetic,synthetic_document_list_change_009,chg_001,,К заявлению прилагается подтверждение направления электронного уведомления.,К заявлению прилагается подтверждение направления электронного уведомления.,added,document_list_change,important,1,0,1,0,curated_synthetic,0.9,Добавлено подтверждение уведомления.,0,75,75,1.0,0,0,0,0,0,0,0,0,0,0,0,0,short,important,1,document_list_change,important,0.9,"Изменение влияет на порядок работы или условия взаимодействия, но не относится к наиболее критичным. Сработали правила: important_keywords.",0
synthetic_document_list_change_010:chg_001,curated_synthetic,generated:curated_synthetic,synthetic_document_list_change_010,chg_001,,В комплект документов включается заявление о согласовании электронного канала связи.,В комплект документов включается заявление о согласовании электронного канала связи.,added,document_list_change,important,1,0,1,0,curated_synthetic,0.9,Добавлено заявление о канале связи.,0,84,84,1.0,0,0,0,0,0,1,0,0,0,0,0,0,short,important,1,document_list_change,important,0.51,"Изменение влияет на порядок работы или условия взаимодействия, но не относится к наиболее критичным. Сработали правила: fallback_manual_review. Для этого изменения автоматическая оценка недостаточно уверенная, рекомендуется ручная проверка.",1
synthetic_eligibility_change_001:chg_001,curated_synthetic,generated:curated_synthetic,synthetic_eligibility_change_001,chg_001,К процедуре допускаются только сотрудники основного подразделения.,К процедуре допускаются сотрудники основного и профильного подразделений.,К процедуре допускаются только сотрудники основного подразделения. К процедуре допускаются сотрудники основного и профильного подразделений.,modified,eligibility_change,important,1,0,1,0,curated_synthetic,0.9,Расширены условия допуска.,66,73,7,0.0959,0,0,0,0,0,0,0,0,0,0,0,0,medium,important,1,eligibility_change,important,0.51,"Изменение влияет на порядок работы или условия взаимодействия, но не относится к наиболее критичным. Сработали правила: fallback_manual_review. Для этого изменения автоматическая оценка недостаточно уверенная, рекомендуется ручная проверка.",1
synthetic_eligibility_change_002:chg_001,curated_synthetic,generated:curated_synthetic,synthetic_eligibility_change_002,chg_001,"Заявление принимается при наличии одного документа, подтверждающего полномочия.","Заявление принимается при наличии двух документов, подтверждающих полномочия.","Заявление принимается при наличии одного документа, подтверждающего полномочия. Заявление принимается при наличии двух документов, подтверждающих полномочия.",modified,eligibility_change,important,1,0,1,0,curated_synthetic,0.9,Изменены условия допуска по документам.,79,77,2,0.0253,0,0,0,0,0,1,0,0,0,0,0,0,medium,important,1,eligibility_change,important,0.51,"Изменение влияет на порядок работы или условия взаимодействия, но не относится к наиболее критичным. Сработали правила: fallback_manual_review. Для этого изменения автоматическая оценка недостаточно уверенная, рекомендуется ручная проверка.",1
synthetic_eligibility_change_003:chg_001,curated_synthetic,generated:curated_synthetic,synthetic_eligibility_change_003,chg_001,Повторное заявление может быть подано через 30 дней.,Повторное заявление может быть подано через 15 дней.,Повторное заявление может быть подано через 30 дней. Повторное заявление может быть подано через 15 дней.,modified,eligibility_change,important,1,0,1,0,curated_synthetic,0.9,Изменен срок повторного допуска.,52,52,0,0.0,1,0,1,0,0,0,0,0,0,0,0,1,short,important,1,eligibility_change,important,0.51,"Изменение влияет на порядок работы или условия взаимодействия, но не относится к наиболее критичным. Сработали правила: fallback_manual_review. Для этого изменения автоматическая оценка недостаточно уверенная, рекомендуется ручная проверка.",1
synthetic_eligibility_change_004:chg_001,curated_synthetic,generated:curated_synthetic,synthetic_eligibility_change_004,chg_001,Консультация предоставляется только руководителям подразделений.,Консультация предоставляется руководителям и ответственным специалистам подразделений.,Консультация предоставляется только руководителям подразделений. Консультация предоставляется руководителям и ответственным специалистам подразделений.,modified,eligibility_change,important,1,0,1,0,curated_synthetic,0.9,Изменен круг допущенных лиц.,64,86,22,0.2558,0,0,0,0,0,0,0,0,0,0,0,0,medium,important,1,eligibility_change,important,0.51,"Изменение влияет на порядок работы или условия взаимодействия, но не относится к наиболее критичным. Сработали правила: fallback_manual_review. Для этого изменения автоматическая оценка недостаточно уверенная, рекомендуется ручная проверка.",1
synthetic_eligibility_change_005:chg_001,curated_synthetic,generated:curated_synthetic,synthetic_eligibility_change_005,chg_001,Электронная подача доступна только после личной идентификации.,Электронная подача доступна после личной или усиленной электронной идентификации.,Электронная подача доступна только после личной идентификации. Электронная подача доступна после личной или усиленной электронной идентификации.,modified,eligibility_change,important,1,0,1,0,curated_synthetic,0.9,Изменены условия электронной идентификации.,62,81,19,0.2346,0,0,0,0,0,0,0,0,0,0,0,0,medium,important,1,eligibility_change,important,0.51,"Изменение влияет на порядок работы или условия взаимодействия, но не относится к наиболее критичным. Сработали правила: fallback_manual_review. Для этого изменения автоматическая оценка недостаточно уверенная, рекомендуется ручная проверка.",1
synthetic_eligibility_change_006:chg_001,curated_synthetic,generated:curated_synthetic,synthetic_eligibility_change_006,chg_001,Участие в согласовании допускается после внутреннего обучения.,Участие в согласовании допускается после внутреннего обучения и подтверждения квалификации.,Участие в согласовании допускается после внутреннего обучения. Участие в согласовании допускается после внутреннего обучения и подтверждения квалификации.,modified,eligibility_change,important,1,0,1,0,curated_synthetic,0.9,Уточнены условия допуска к согласованию.,62,91,29,0.3187,0,0,0,0,0,0,0,0,0,0,0,0,medium,important,1,eligibility_change,important,0.51,"Изменение влияет на порядок работы или условия взаимодействия, но не относится к наиболее критичным. Сработали правила: fallback_manual_review. Для этого изменения автоматическая оценка недостаточно уверенная, рекомендуется ручная проверка.",1
synthetic_eligibility_change_007:chg_001,curated_synthetic,generated:curated_synthetic,synthetic_eligibility_change_007,chg_001,Прием документов допускается только в будние дни.,Прием документов допускается в будние дни и в первую субботу месяца.,Прием документов допускается только в будние дни. Прием документов допускается в будние дни и в первую субботу месяца.,modified,eligibility_change,important,1,0,1,0,curated_synthetic,0.9,Расширены временные условия допуска.,49,68,19,0.2794,0,0,0,0,0,1,0,0,0,0,0,0,short,important,1,eligibility_change,important,0.51,"Изменение влияет на порядок работы или условия взаимодействия, но не относится к наиболее критичным. Сработали правила: fallback_manual_review. Для этого изменения автоматическая оценка недостаточно уверенная, рекомендуется ручная проверка.",1
synthetic_eligibility_change_008:chg_001,curated_synthetic,generated:curated_synthetic,synthetic_eligibility_change_008,chg_001,Повторная подача допустима после письменного уведомления.,Повторная подача допустима после письменного или электронного уведомления.,Повторная подача допустима после письменного уведомления. Повторная подача допустима после письменного или электронного уведомления.,modified,eligibility_change,important,1,0,1,0,curated_synthetic,0.9,Изменены условия повторной подачи.,57,74,17,0.2297,0,0,0,0,0,0,0,0,0,0,0,0,medium,important,1,eligibility_change,important,0.9,"Изменение влияет на порядок работы или условия взаимодействия, но не относится к наиболее критичным. Сработали правила: important_keywords.",0
synthetic_eligibility_change_009:chg_001,curated_synthetic,generated:curated_synthetic,synthetic_eligibility_change_009,chg_001,Запрос принимается только от самого заявителя.,Запрос принимается от заявителя или его уполномоченного представителя.,Запрос принимается только от самого заявителя. Запрос принимается от заявителя или его уполномоченного представителя.,modified,eligibility_change,important,1,0,1,0,curated_synthetic,0.9,Расширены условия представительства.,46,70,24,0.3429,0,0,0,0,0,0,0,0,0,0,0,0,short,important,1,eligibility_change,important,0.9,"Изменение влияет на порядок работы или условия взаимодействия, но не относится к наиболее критичным. Сработали правила: important_keywords.",0
synthetic_eligibility_change_010:chg_001,curated_synthetic,generated:curated_synthetic,synthetic_eligibility_change_010,chg_001,К проверке допускаются только заявления в бумажной форме.,К проверке допускаются заявления в бумажной и электронной форме.,К проверке допускаются только заявления в бумажной форме. К проверке допускаются заявления в бумажной и электронной форме.,modified,eligibility_change,important,1,0,1,0,curated_synthetic,0.9,Расширены форматы допуска.,57,64,7,0.1094,0,0,0,0,0,0,0,0,0,0,0,0,medium,important,1,eligibility_change,important,0.51,"Изменение влияет на порядок работы или условия взаимодействия, но не относится к наиболее критичным. Сработали правила: fallback_manual_review. Для этого изменения автоматическая оценка недостаточно уверенная, рекомендуется ручная проверка.",1
synthetic_payment_or_fee_change_001:chg_001,curated_synthetic,generated:curated_synthetic,synthetic_payment_or_fee_change_001,chg_001,Размер внутреннего сбора составляет 300 рублей.,Размер внутреннего сбора составляет 500 рублей.,Размер внутреннего сбора составляет 300 рублей. Размер внутреннего сбора составляет 500 рублей.,modified,payment_or_fee_change,important,1,0,1,0,curated_synthetic,0.9,Изменен размер внутреннего сбора.,47,47,0,0.0,1,0,0,0,0,0,0,0,0,0,0,0,short,important,1,payment_or_fee_change,important,0.51,"Изменение влияет на порядок работы или условия взаимодействия, но не относится к наиболее критичным. Сработали правила: fallback_manual_review. Для этого изменения автоматическая оценка недостаточно уверенная, рекомендуется ручная проверка.",1
synthetic_payment_or_fee_change_002:chg_001,curated_synthetic,generated:curated_synthetic,synthetic_payment_or_fee_change_002,chg_001,Оплата производится после завершения проверки.,Оплата производится до начала проверки.,Оплата производится после завершения проверки. Оплата производится до начала проверки.,modified,payment_or_fee_change,important,1,0,1,0,curated_synthetic,0.9,Изменен момент оплаты.,46,39,7,0.1522,0,0,0,0,0,0,0,0,0,0,0,0,short,important,1,payment_or_fee_change,important,0.51,"Изменение влияет на порядок работы или условия взаимодействия, но не относится к наиболее критичным. Сработали правила: fallback_manual_review. Для этого изменения автоматическая оценка недостаточно уверенная, рекомендуется ручная проверка.",1
synthetic_payment_or_fee_change_004:chg_001,curated_synthetic,generated:curated_synthetic,synthetic_payment_or_fee_change_004,chg_001,Комиссия не взимается при электронной подаче.,Комиссия взимается в размере 100 рублей при электронной подаче.,Комиссия не взимается при электронной подаче. Комиссия взимается в размере 100 рублей при электронной подаче.,modified,payment_or_fee_change,important,1,0,1,0,curated_synthetic,0.9,Изменена льгота по оплате.,45,63,18,0.2857,1,0,0,0,0,0,0,0,0,0,0,0,short,important,1,payment_or_fee_change,important,0.51,"Изменение влияет на порядок работы или условия взаимодействия, но не относится к наиболее критичным. Сработали правила: fallback_manual_review. Для этого изменения автоматическая оценка недостаточно уверенная, рекомендуется ручная проверка.",1
synthetic_payment_or_fee_change_008:chg_001,curated_synthetic,generated:curated_synthetic,synthetic_payment_or_fee_change_008,chg_001,Оплата допускается только через кассу подразделения.,Оплата допускается через кассу подразделения и личный кабинет портала.,Оплата допускается только через кассу подразделения. Оплата допускается через кассу подразделения и личный кабинет портала.,modified,payment_or_fee_change,important,1,0,1,0,curated_synthetic,0.9,Изменены каналы оплаты.,52,70,18,0.2571,0,0,0,0,0,0,0,0,0,0,0,0,medium,important,1,payment_or_fee_change,important,0.9,"Изменение влияет на порядок работы или условия взаимодействия, но не относится к наиболее критичным. Сработали правила: important_keywords.",0
synthetic_payment_or_fee_change_009:chg_001,curated_synthetic,generated:curated_synthetic,synthetic_payment_or_fee_change_009,chg_001,Подтверждение оплаты проверяется вручную.,Подтверждение оплаты проверяется автоматически через учетную систему.,Подтверждение оплаты проверяется вручную. Подтверждение оплаты проверяется автоматически через учетную систему.,modified,payment_or_fee_change,important,1,0,1,0,curated_synthetic,0.9,Изменен способ проверки оплаты.,41,69,28,0.4058,0,0,0,0,0,0,0,0,0,0,0,0,short,important,1,payment_or_fee_change,important,0.51,"Изменение влияет на порядок работы или условия взаимодействия, но не относится к наиболее критичным. Сработали правила: fallback_manual_review. Для этого изменения автоматическая оценка недостаточно уверенная, рекомендуется ручная проверка.",1
synthetic_payment_or_fee_change_010:chg_001,curated_synthetic,generated:curated_synthetic,synthetic_payment_or_fee_change_010,chg_001,Комиссия начисляется после регистрации обращения.,Комиссия начисляется до регистрации обращения.,Комиссия начисляется после регистрации обращения. Комиссия начисляется до регистрации обращения.,modified,payment_or_fee_change,important,1,0,1,0,curated_synthetic,0.9,Изменен момент начисления комиссии.,49,46,3,0.0612,0,0,0,0,0,0,0,0,0,0,0,0,short,important,1,payment_or_fee_change,important,0.51,"Изменение влияет на порядок работы или условия взаимодействия, но не относится к наиболее критичным. Сработали правила: fallback_manual_review. Для этого изменения автоматическая оценка недостаточно уверенная, рекомендуется ручная проверка.",1
synthetic_procedure_change_001:chg_001,curated_synthetic,generated:curated_synthetic,synthetic_procedure_change_001,chg_001,Заявление подается на бумажном носителе через ответственное подразделение.,Заявление может быть подано через ответственное подразделение либо через электронную форму портала.,Заявление подается на бумажном носителе через ответственное подразделение. Заявление может быть подано через ответственное подразделение либо через электронную форму портала.,modified,procedure_change,important,1,0,1,0,curated_synthetic,0.9,Изменен порядок подачи заявления.,74,99,25,0.2525,0,0,0,0,0,0,0,0,0,0,0,1,medium,important,1,procedure_change,important,0.51,"Изменение влияет на порядок работы или условия взаимодействия, но не относится к наиболее критичным. Сработали правила: fallback_manual_review. Для этого изменения автоматическая оценка недостаточно уверенная, рекомендуется ручная проверка.",1
synthetic_procedure_change_003:chg_001,curated_synthetic,generated:curated_synthetic,synthetic_procedure_change_003,chg_001,Уведомление направляется после завершения согласования.,Уведомление направляется до передачи дела на согласование.,Уведомление направляется после завершения согласования. Уведомление направляется до передачи дела на согласование.,modified,procedure_change,important,1,0,1,0,curated_synthetic,0.9,Изменен порядок уведомления.,55,58,3,0.0517,0,0,0,0,0,0,0,0,0,0,0,0,short,important,1,procedure_change,important,0.9,"Изменение влияет на порядок работы или условия взаимодействия, но не относится к наиболее критичным. Сработали правила: important_keywords.",0
synthetic_procedure_change_007:chg_001,curated_synthetic,generated:curated_synthetic,synthetic_procedure_change_007,chg_001,Результат проверки согласуется только руководителем сектора.,Результат проверки согласуется руководителем сектора и начальником отдела.,Результат проверки согласуется только руководителем сектора. Результат проверки согласуется руководителем сектора и начальником отдела.,modified,procedure_change,important,1,0,1,0,curated_synthetic,0.9,Изменен маршрут согласования.,60,74,14,0.1892,0,0,0,0,0,0,0,0,0,0,0,0,medium,important,1,procedure_change,important,0.51,"Изменение влияет на порядок работы или условия взаимодействия, но не относится к наиболее критичным. Сработали правила: fallback_manual_review. Для этого изменения автоматическая оценка недостаточно уверенная, рекомендуется ручная проверка.",1
synthetic_procedure_change_008:chg_001,curated_synthetic,generated:curated_synthetic,synthetic_procedure_change_008,chg_001,Заявитель получает уведомление по телефону.,Заявитель получает уведомление через портал и по телефону.,Заявитель получает уведомление по телефону. Заявитель получает уведомление через портал и по телефону.,modified,procedure_change,important,1,0,1,0,curated_synthetic,0.9,Изменен порядок уведомления о результате.,43,58,15,0.2586,0,0,0,0,0,0,0,1,0,0,0,0,short,important,1,procedure_change,important,0.9,"Изменение влияет на порядок работы или условия взаимодействия, но не относится к наиболее критичным. Сработали правила: important_keywords.",0
synthetic_procedure_change_009:chg_001,curated_synthetic,generated:curated_synthetic,synthetic_procedure_change_009,chg_001,Дело передается на хранение после подготовки ответа.,Дело передается на хранение после подтверждения получения ответа заявителем.,Дело передается на хранение после подготовки ответа. Дело передается на хранение после подтверждения получения ответа заявителем.,modified,procedure_change,important,1,0,1,0,curated_synthetic,0.9,Изменен порядок передачи на хранение.,52,76,24,0.3158,0,0,0,0,0,0,0,0,0,0,0,0,medium,important,1,procedure_change,important,0.51,"Изменение влияет на порядок работы или условия взаимодействия, но не относится к наиболее критичным. Сработали правила: fallback_manual_review. Для этого изменения автоматическая оценка недостаточно уверенная, рекомендуется ручная проверка.",1
synthetic_procedure_change_010:chg_001,curated_synthetic,generated:curated_synthetic,synthetic_procedure_change_010,chg_001,Учетная запись создается после приема документов.,Учетная запись создается до приема документов для предварительной проверки.,Учетная запись создается после приема документов. Учетная запись создается до приема документов для предварительной проверки.,modified,procedure_change,important,1,0,1,0,curated_synthetic,0.9,Изменена последовательность создания записи.,49,75,26,0.3467,0,0,0,0,0,1,0,0,0,0,0,0,medium,important,1,procedure_change,important,0.51,"Изменение влияет на порядок работы или условия взаимодействия, но не относится к наиболее критичным. Сработали правила: fallback_manual_review. Для этого изменения автоматическая оценка недостаточно уверенная, рекомендуется ручная проверка.",1
synthetic_clarification_change_002:chg_001,curated_synthetic,generated:curated_synthetic,synthetic_clarification_change_002,chg_001,Сведения отображаются в учетной системе.,Сведения отображаются в учетной системе в справочном режиме.,Сведения отображаются в учетной системе. Сведения отображаются в учетной системе в справочном режиме.,modified,clarification_change,informational,0,0,1,0,curated_synthetic,0.9,Уточнен режим отображения сведений.,40,60,20,0.3333,0,0,0,0,0,0,0,0,0,0,0,0,short,informational,0,clarification_change,important,0.51,"Изменение влияет на порядок работы или условия взаимодействия, но не относится к наиболее критичным. Сработали правила: fallback_manual_review. Для этого изменения автоматическая оценка недостаточно уверенная, рекомендуется ручная проверка.",1
synthetic_clarification_change_003:chg_001,curated_synthetic,generated:curated_synthetic,synthetic_clarification_change_003,chg_001,Пояснение приводится в приложении.,Пояснение приводится в приложении для удобства использования.,Пояснение приводится в приложении. Пояснение приводится в приложении для удобства использования.,modified,clarification_change,informational,0,0,1,0,curated_synthetic,0.9,Добавлено пояснение без изменения порядка.,34,61,27,0.4426,0,0,0,0,0,0,0,0,0,0,0,0,short,informational,0,clarification_change,informational,0.9,"Изменение в основном добавляет справочную, контактную или поясняющую информацию. Сработали правила: informational_keywords.",0
synthetic_clarification_change_004:chg_001,curated_synthetic,generated:curated_synthetic,synthetic_clarification_change_004,chg_001,Информация предоставляется в устной форме.,Информация предоставляется в устной форме при необходимости дополнительного разъяснения.,Информация предоставляется в устной форме. Информация предоставляется в устной форме при необходимости дополнительного разъяснения.,modified,clarification_change,informational,0,0,1,0,curated_synthetic,0.9,Уточнены условия разъяснения.,42,88,46,0.5227,0,0,0,0,0,0,0,0,0,0,0,0,medium,informational,0,clarification_change,important,0.51,"Изменение влияет на порядок работы или условия взаимодействия, но не относится к наиболее критичным. Сработали правила: fallback_manual_review. Для этого изменения автоматическая оценка недостаточно уверенная, рекомендуется ручная проверка.",1
synthetic_clarification_change_005:chg_001,curated_synthetic,generated:curated_synthetic,synthetic_clarification_change_005,chg_001,Справка содержит сведения о статусе обращения.,Справка содержит актуальные сведения о статусе обращения.,Справка содержит сведения о статусе обращения. Справка содержит актуальные сведения о статусе обращения.,modified,clarification_change,informational,0,0,1,0,curated_synthetic,0.9,Уточнено описание справки.,46,57,11,0.193,0,0,0,0,0,0,0,0,0,0,0,0,short,informational,0,clarification_change,important,0.51,"Изменение влияет на порядок работы или условия взаимодействия, но не относится к наиболее критичным. Сработали правила: fallback_manual_review. Для этого изменения автоматическая оценка недостаточно уверенная, рекомендуется ручная проверка.",1
synthetic_clarification_change_006:chg_001,curated_synthetic,generated:curated_synthetic,synthetic_clarification_change_006,chg_001,Контрольный номер указывается в уведомлении.,Контрольный номер указывается в уведомлении для последующей справки.,Контрольный номер указывается в уведомлении. Контрольный номер указывается в уведомлении для последующей справки.,modified,clarification_change,informational,0,0,1,0,curated_synthetic,0.9,Уточнено назначение номера.,44,68,24,0.3529,0,0,0,0,0,0,0,0,0,0,0,0,short,informational,0,clarification_change,important,0.9,"Изменение влияет на порядок работы или условия взаимодействия, но не относится к наиболее критичным. Сработали правила: important_keywords.",0
synthetic_clarification_change_008:chg_001,curated_synthetic,generated:curated_synthetic,synthetic_clarification_change_008,chg_001,Заявитель вправе ознакомиться с информацией о ходе процедуры.,Заявитель вправе ознакомиться со справочной информацией о ходе процедуры.,Заявитель вправе ознакомиться с информацией о ходе процедуры. Заявитель вправе ознакомиться со справочной информацией о ходе процедуры.,modified,clarification_change,informational,0,0,1,0,curated_synthetic,0.9,Уточнен тип информации.,61,73,12,0.1644,0,0,0,0,0,0,0,0,0,0,0,1,medium,informational,0,clarification_change,important,0.51,"Изменение влияет на порядок работы или условия взаимодействия, но не относится к наиболее критичным. Сработали правила: fallback_manual_review. Для этого изменения автоматическая оценка недостаточно уверенная, рекомендуется ручная проверка.",1
synthetic_clarification_change_009:chg_001,curated_synthetic,generated:curated_synthetic,synthetic_clarification_change_009,chg_001,Сообщение публикуется после обновления данных.,Сообщение публикуется после обновления данных в информационных целях.,Сообщение публикуется после обновления данных. Сообщение публикуется после обновления данных в информационных целях.,modified,clarification_change,informational,0,0,1,0,curated_synthetic,0.9,Уточнено назначение сообщения.,46,69,23,0.3333,0,0,0,0,0,0,0,0,0,0,0,0,short,informational,0,clarification_change,important,0.51,"Изменение влияет на порядок работы или условия взаимодействия, но не относится к наиболее критичным. Сработали правила: fallback_manual_review. Для этого изменения автоматическая оценка недостаточно уверенная, рекомендуется ручная проверка.",1
synthetic_clarification_change_010:chg_001,curated_synthetic,generated:curated_synthetic,synthetic_clarification_change_010,chg_001,Пояснение предоставляется сотрудником подразделения.,Пояснение предоставляется сотрудником подразделения в рамках консультации.,Пояснение предоставляется сотрудником подразделения. Пояснение предоставляется сотрудником подразделения в рамках консультации.,modified,clarification_change,informational,0,0,1,0,curated_synthetic,0.9,Уточнен контекст пояснения.,52,74,22,0.2973,0,0,0,0,0,0,0,0,0,0,0,0,medium,informational,0,clarification_change,informational,0.9,"Изменение в основном добавляет справочную, контактную или поясняющую информацию. Сработали правила: informational_keywords.",0
synthetic_contact_or_channel_change_001:chg_001,curated_synthetic,generated:curated_synthetic,synthetic_contact_or_channel_change_001,chg_001,,Справочная информация о ходе процедуры доступна по телефону 8-800-100-10-10.,Справочная информация о ходе процедуры доступна по телефону 8-800-100-10-10.,added,contact_or_channel_change,informational,0,0,1,0,curated_synthetic,0.9,Добавлен справочный телефон.,0,76,76,1.0,1,1,0,0,0,0,0,0,0,0,0,0,short,informational,0,contact_or_channel_change,informational,0.9,"Изменение в основном добавляет справочную, контактную или поясняющую информацию. Сработали правила: informational_keywords, contact_or_reference_added.",0
synthetic_contact_or_channel_change_002:chg_001,curated_synthetic,generated:curated_synthetic,synthetic_contact_or_channel_change_002,chg_001,,Информация о статусе обращения доступна в личном кабинете портала.,Информация о статусе обращения доступна в личном кабинете портала.,added,contact_or_channel_change,informational,0,0,1,0,curated_synthetic,0.9,Добавлен справочный электронный канал.,0,66,66,1.0,0,0,0,0,0,0,0,0,0,0,0,0,short,informational,0,contact_or_channel_change,important,0.9,"Изменение влияет на порядок работы или условия взаимодействия, но не относится к наиболее критичным. Сработали правила: important_keywords.",0
synthetic_contact_or_channel_change_004:chg_001,curated_synthetic,generated:curated_synthetic,synthetic_contact_or_channel_change_004,chg_001,,Для консультаций используется дополнительный электронный адрес support@mfc.local.,Для консультаций используется дополнительный электронный адрес support@mfc.local.,added,contact_or_channel_change,informational,0,0,1,0,curated_synthetic,0.9,Добавлен консультационный адрес.,0,81,81,1.0,0,0,0,0,0,0,0,0,0,0,0,0,short,informational,0,contact_or_channel_change,important,0.51,"Изменение влияет на порядок работы или условия взаимодействия, но не относится к наиболее критичным. Сработали правила: fallback_manual_review. Для этого изменения автоматическая оценка недостаточно уверенная, рекомендуется ручная проверка.",1
synthetic_contact_or_channel_change_006:chg_001,curated_synthetic,generated:curated_synthetic,synthetic_contact_or_channel_change_006,chg_001,,О справочном номере регистрации можно узнать через голосовое меню.,О справочном номере регистрации можно узнать через голосовое меню.,added,contact_or_channel_change,informational,0,0,1,0,curated_synthetic,0.9,Добавлен справочный канал через голосовое меню.,0,66,66,1.0,0,0,0,0,0,0,0,0,0,0,0,0,short,informational,0,contact_or_channel_change,informational,0.9,"Изменение в основном добавляет справочную, контактную или поясняющую информацию. Сработали правила: informational_keywords, contact_or_reference_added.",0
synthetic_contact_or_channel_change_009:chg_001,curated_synthetic,generated:curated_synthetic,synthetic_contact_or_channel_change_009,chg_001,,Контактное лицо для консультаций указывается в приложении к регламенту.,Контактное лицо для консультаций указывается в приложении к регламенту.,added,contact_or_channel_change,informational,0,0,1,0,curated_synthetic,0.9,Добавлено контактное лицо.,0,71,71,1.0,0,0,0,0,0,0,0,0,0,0,0,0,short,informational,0,contact_or_channel_change,important,0.51,"Изменение влияет на порядок работы или условия взаимодействия, но не относится к наиболее критичным. Сработали правила: fallback_manual_review. Для этого изменения автоматическая оценка недостаточно уверенная, рекомендуется ручная проверка.",1
synthetic_contact_or_channel_change_010:chg_001,curated_synthetic,generated:curated_synthetic,synthetic_contact_or_channel_change_010,chg_001,,Адрес кабинета для личного приема публикуется на стенде подразделения.,Адрес кабинета для личного приема публикуется на стенде подразделения.,added,contact_or_channel_change,informational,0,0,1,0,curated_synthetic,0.9,Добавлен адрес кабинета приема.,0,70,70,1.0,0,0,0,0,0,0,0,0,0,0,0,0,short,informational,0,contact_or_channel_change,important,0.51,"Изменение влияет на порядок работы или условия взаимодействия, но не относится к наиболее критичным. Сработали правила: fallback_manual_review. Для этого изменения автоматическая оценка недостаточно уверенная, рекомендуется ручная проверка.",1
synthetic_mixed_change_001:chg_001,curated_synthetic,generated:curated_synthetic,synthetic_mixed_change_001,chg_001,Заявитель получает справочную информацию после регистрации обращения.,Заявитель получает справочную информацию после регистрации обращения через портал.,Заявитель получает справочную информацию после регистрации обращения. Заявитель получает справочную информацию после регистрации обращения через портал.,modified,mixed_change,informational,0,0,1,0,curated_synthetic,0.9,Добавлен информационный канал без изменения обязанности.,69,82,13,0.1585,0,0,0,0,0,0,0,1,0,0,0,0,medium,informational,0,mixed_change,important,0.51,"Изменение влияет на порядок работы или условия взаимодействия, но не относится к наиболее критичным. Сработали правила: fallback_manual_review. Для этого изменения автоматическая оценка недостаточно уверенная, рекомендуется ручная проверка.",1
synthetic_mixed_change_006:chg_001,curated_synthetic,generated:curated_synthetic,synthetic_mixed_change_006,chg_001,Справочная информация обновляется ежемесячно.,Справочная информация обновляется ежемесячно и при изменении регламента.,Справочная информация обновляется ежемесячно. Справочная информация обновляется ежемесячно и при изменении регламента.,modified,mixed_change,informational,0,0,1,0,curated_synthetic,0.9,Уточнен цикл обновления справки.,45,72,27,0.375,0,0,0,0,0,0,0,0,0,0,0,0,short,informational,0,mixed_change,important,0.51,"Изменение влияет на порядок работы или условия взаимодействия, но не относится к наиболее критичным. Сработали правила: fallback_manual_review. Для этого изменения автоматическая оценка недостаточно уверенная, рекомендуется ручная проверка.",1
synthetic_mixed_change_007:chg_001,curated_synthetic,generated:curated_synthetic,synthetic_mixed_change_007,chg_001,Сообщение о приеме публикуется на стенде.,Сообщение о приеме публикуется на стенде и в разделе новостей.,Сообщение о приеме публикуется на стенде. Сообщение о приеме публикуется на стенде и в разделе новостей.,modified,mixed_change,informational,0,0,1,0,curated_synthetic,0.9,Добавлен дополнительный информационный канал.,41,62,21,0.3387,0,0,0,0,0,0,0,0,0,0,0,0,short,informational,0,mixed_change,important,0.51,"Изменение влияет на порядок работы или условия взаимодействия, но не относится к наиболее критичным. Сработали правила: fallback_manual_review. Для этого изменения автоматическая оценка недостаточно уверенная, рекомендуется ручная проверка.",1
synthetic_mixed_change_009:chg_001,curated_synthetic,generated:curated_synthetic,synthetic_mixed_change_009,chg_001,Сведения о номере обращения предоставляются сотрудником.,Сведения о номере обращения предоставляются сотрудником и через автоответчик.,Сведения о номере обращения предоставляются сотрудником. Сведения о номере обращения предоставляются сотрудником и через автоответчик.,modified,mixed_change,informational,0,0,1,0,curated_synthetic,0.9,Добавлен справочный автоответчик.,56,77,21,0.2727,0,0,0,0,0,0,0,0,0,0,0,0,medium,informational,0,mixed_change,important,0.51,"Изменение влияет на порядок работы или условия взаимодействия, но не относится к наиболее критичным. Сработали правила: fallback_manual_review. Для этого изменения автоматическая оценка недостаточно уверенная, рекомендуется ручная проверка.",1
synthetic_mixed_change_010:chg_001,curated_synthetic,generated:curated_synthetic,synthetic_mixed_change_010,chg_001,Описание процедуры размещается в приложении.,Описание процедуры размещается в приложении и в краткой памятке для заявителя.,Описание процедуры размещается в приложении. Описание процедуры размещается в приложении и в краткой памятке для заявителя.,modified,mixed_change,informational,0,0,1,0,curated_synthetic,0.9,Добавлена памятка для заявителя.,44,78,34,0.4359,0,0,0,0,0,0,0,0,0,0,0,0,medium,informational,0,mixed_change,important,0.51,"Изменение влияет на порядок работы или условия взаимодействия, но не относится к наиболее критичным. Сработали правила: fallback_manual_review. Для этого изменения автоматическая оценка недостаточно уверенная, рекомендуется ручная проверка.",1
synthetic_reference_change_001:chg_001,curated_synthetic,generated:curated_synthetic,synthetic_reference_change_001,chg_001,В приложении приведена ссылка на регламент подразделения.,В приложении приведена ссылка на актуальный регламент подразделения.,В приложении приведена ссылка на регламент подразделения. В приложении приведена ссылка на актуальный регламент подразделения.,modified,reference_change,informational,0,0,1,0,curated_synthetic,0.9,Уточнена справочная ссылка на регламент.,57,68,11,0.1618,0,0,0,0,0,0,0,0,0,0,1,0,medium,informational,0,reference_change,important,0.51,"Изменение влияет на порядок работы или условия взаимодействия, но не относится к наиболее критичным. Сработали правила: fallback_manual_review. Для этого изменения автоматическая оценка недостаточно уверенная, рекомендуется ручная проверка.",1
synthetic_reference_change_003:chg_001,curated_synthetic,generated:curated_synthetic,synthetic_reference_change_003,chg_001,Сведения приведены в разделе 5.,Сведения приведены в разделе 5 приложения 2.,Сведения приведены в разделе 5. Сведения приведены в разделе 5 приложения 2.,modified,reference_change,informational,0,0,1,0,curated_synthetic,0.9,Уточнена ссылка на приложение.,31,44,13,0.2955,1,0,0,0,0,0,0,0,0,0,0,0,short,informational,0,reference_change,important,0.51,"Изменение влияет на порядок работы или условия взаимодействия, но не относится к наиболее критичным. Сработали правила: fallback_manual_review. Для этого изменения автоматическая оценка недостаточно уверенная, рекомендуется ручная проверка.",1
synthetic_reference_change_004:chg_001,curated_synthetic,generated:curated_synthetic,synthetic_reference_change_004,chg_001,См. внутренний порядок согласования.,"См. внутренний порядок согласования, утвержденный приказом № 14.","См. внутренний порядок согласования. См. внутренний порядок согласования, утвержденный приказом № 14.",modified,reference_change,informational,0,0,1,0,curated_synthetic,0.9,Уточнена ссылка на приказ.,36,64,28,0.4375,1,0,0,0,0,0,0,1,0,0,0,0,short,informational,0,reference_change,important,0.51,"Изменение влияет на порядок работы или условия взаимодействия, но не относится к наиболее критичным. Сработали правила: fallback_manual_review. Для этого изменения автоматическая оценка недостаточно уверенная, рекомендуется ручная проверка.",1
synthetic_reference_change_005:chg_001,curated_synthetic,generated:curated_synthetic,synthetic_reference_change_005,chg_001,Форма уведомления указана в приложении.,Форма уведомления указана в приложении 3 к регламенту.,Форма уведомления указана в приложении. Форма уведомления указана в приложении 3 к регламенту.,modified,reference_change,informational,0,0,1,0,curated_synthetic,0.9,Уточнена ссылка на форму.,39,54,15,0.2778,1,0,0,0,0,0,0,0,0,0,0,0,short,informational,0,reference_change,important,0.9,"Изменение влияет на порядок работы или условия взаимодействия, но не относится к наиболее критичным. Сработали правила: important_keywords.",0
synthetic_reference_change_006:chg_001,curated_synthetic,generated:curated_synthetic,synthetic_reference_change_006,chg_001,Пояснение содержится в методических материалах.,"Пояснение содержится в методических материалах, утвержденных приказом № 22.","Пояснение содержится в методических материалах. Пояснение содержится в методических материалах, утвержденных приказом № 22.",modified,reference_change,informational,0,0,1,0,curated_synthetic,0.9,Уточнена ссылка на методические материалы.,47,75,28,0.3733,1,0,0,0,0,0,0,0,0,0,0,0,medium,informational,0,reference_change,informational,0.9,"Изменение в основном добавляет справочную, контактную или поясняющую информацию. Сработали правила: informational_keywords.",0
synthetic_reference_change_007:chg_001,curated_synthetic,generated:curated_synthetic,synthetic_reference_change_007,chg_001,Актуальная версия формы размещена на портале.,Актуальная версия формы размещена на портале и в приложении 1.,Актуальная версия формы размещена на портале. Актуальная версия формы размещена на портале и в приложении 1.,modified,reference_change,informational,0,0,1,0,curated_synthetic,0.9,Уточнена ссылка на форму.,45,62,17,0.2742,1,0,0,0,0,0,0,0,0,0,0,0,short,informational,0,reference_change,important,0.51,"Изменение влияет на порядок работы или условия взаимодействия, но не относится к наиболее критичным. Сработали правила: fallback_manual_review. Для этого изменения автоматическая оценка недостаточно уверенная, рекомендуется ручная проверка.",1
synthetic_reference_change_009:chg_001,curated_synthetic,generated:curated_synthetic,synthetic_reference_change_009,chg_001,См. пункт 2.4 настоящего регламента.,См. пункт 2.4 настоящего регламента и приложение 5.,См. пункт 2.4 настоящего регламента. См. пункт 2.4 настоящего регламента и приложение 5.,modified,reference_change,informational,0,0,1,0,curated_synthetic,0.9,Расширена ссылка на источник.,36,51,15,0.2941,1,1,0,0,0,0,0,0,0,0,1,0,short,informational,0,reference_change,important,0.51,"Изменение влияет на порядок работы или условия взаимодействия, но не относится к наиболее критичным. Сработали правила: fallback_manual_review. Для этого изменения автоматическая оценка недостаточно уверенная, рекомендуется ручная проверка.",1
synthetic_reference_change_010:chg_001,curated_synthetic,generated:curated_synthetic,synthetic_reference_change_010,chg_001,Форма заявления приведена в конце документа.,Форма заявления приведена в приложении к документу.,Форма заявления приведена в конце документа. Форма заявления приведена в приложении к документу.,modified,reference_change,informational,0,0,1,0,curated_synthetic,0.9,Уточнено местоположение формы.,44,51,7,0.1373,0,0,0,0,0,0,0,0,0,0,0,0,short,informational,0,reference_change,important,0.51,"Изменение влияет на порядок работы или условия взаимодействия, но не относится к наиболее критичным. Сработали правила: fallback_manual_review. Для этого изменения автоматическая оценка недостаточно уверенная, рекомендуется ручная проверка.",1
