pair_id,expected_change_id,change_type,expected_importance,diff_detected,significance_predicted,significance_correct,summary_covered,quiz_topic_covered,strict_end_to_end_success,practical_end_to_end_success,final_status,expected_summary_topic,expected_quiz_topic,notes
pair_01_deadline_change,chg_001,deadline_change,critical,yes,critical,yes,yes,yes,yes,yes,strict_success,сокращение срока рассмотрения заявления с 10 до 7 рабочих дней,новый срок рассмотрения заявления,diff detection inferred from pair-level structural strict TP/FN
pair_02_added_obligation,chg_001,added_obligation,critical,yes,critical,yes,yes,yes,yes,yes,strict_success,новая обязанность уведомить заявителя о результате рассмотрения обращения,новая обязанность сотрудника по уведомлению заявителя,diff detection inferred from pair-level structural strict TP/FN
pair_03_document_list_change,chg_001,document_list_change,critical,yes,important,yes,yes,yes,yes,yes,strict_success,"добавлена копия документа, подтверждающего полномочия представителя",новый документ в перечне обязательных документов,"diff detection inferred from pair-level structural strict TP/FN; predicted as important rather than critical, but still significant for practical pipeline use"
pair_04_refusal_ground_change,chg_001,refusal_ground_change,critical,yes,critical,yes,yes,yes,yes,yes,strict_success,новое основание отказа при непредставлении обязательных документов в установленный срок,новое основание отказа,diff detection inferred from pair-level structural strict TP/FN
pair_06_procedure_change,chg_001,procedure_change,important,yes,important,yes,no,no,no,no,miss,добавлена возможность подачи заявления через электронную форму во внутреннем портале,новый способ подачи заявления,diff detection inferred from pair-level structural strict TP/FN; not covered by Phase 17 summary topics; not covered by Phase 18 quiz topics/questions
pair_07_responsibility_change,chg_001,responsibility_change,critical,yes,critical,yes,yes,yes,yes,yes,strict_success,ответственность за нарушение срока обработки заявления,ответственность за нарушение срока,diff detection inferred from pair-level structural strict TP/FN
pair_09_mixed_significant_and_editorial,chg_001,deadline_change,critical,yes,critical,yes,yes,yes,yes,yes,strict_success,сокращение срока подготовки справки,новый срок подготовки справки,diff detection inferred from pair-level structural strict TP/FN
pair_09_mixed_significant_and_editorial,chg_003,added_obligation,critical,yes,critical,yes,yes,yes,yes,yes,strict_success,новая обязанность уведомления при невозможности подготовки справки,уведомление при невозможности подготовки справки,diff detection inferred from pair-level structural strict TP/FN
pair_10_weakly_structured_document,chg_001,deadline_change,critical,yes,critical,yes,yes,yes,yes,yes,strict_success,сокращение срока рассмотрения обращения в fallback-блоке,новый срок рассмотрения обращения,diff detection inferred from pair-level structural strict TP/FN
