example_id,pair_id,change_id,true_label,rule_based_label,ml_label,hybrid_label,ml_confidence,rule_based_correct,ml_correct,hybrid_correct,text_preview,source
pair_09_mixed_significant_and_editorial:chg_001,pair_09_mixed_significant_and_editorial,chg_001,critical,critical,critical,critical,0.75102,1,1,1,Срок подготовки справки составляет 5 рабочих дней со дня регистрации запроса. || Срок подготовки справки составляет 4 рабочих дня со дня регистрации запроса. || Срок подготовки справки сокращен с 5...,experiments/ml_corpus/test.csv
pair_09_mixed_significant_and_editorial:chg_003,pair_09_mixed_significant_and_editorial,chg_003,critical,critical,critical,critical,0.961739,1,1,1,|| Сотрудник обязан уведомить заявителя о невозможности подготовки справки при отсутствии обязательных сведений. || Добавлена обязанность уведомить заявителя о невозможности подготовки справки.,experiments/ml_corpus/test.csv
synthetic_deadline_change_008:chg_001,synthetic_deadline_change_008,chg_001,critical,critical,critical,critical,0.852987,1,1,1,Информация о результате предоставляется в течение 6 рабочих дней. || Информация о результате предоставляется в течение 1 рабочего дня. || Изменен срок информирования.,experiments/ml_corpus/test.csv
synthetic_obligation_change_001:chg_001,synthetic_obligation_change_001,chg_001,critical,critical,critical,critical,0.876084,1,1,1,|| Сотрудник обязан уведомить заявителя о результатах проверки в день принятия решения. || Добавлена новая обязанность уведомления.,experiments/ml_corpus/test.csv
synthetic_obligation_change_005:chg_001,synthetic_obligation_change_005,chg_001,critical,critical,critical,critical,0.91445,1,1,1,|| Сотрудник обязан направить запрос в профильное подразделение при выявлении расхождений. || Добавлена обязанность межведомственного запроса.,experiments/ml_corpus/test.csv
synthetic_obligation_change_009:chg_001,synthetic_obligation_change_009,chg_001,critical,critical,critical,critical,0.781279,1,1,1,|| Сотрудник обязан уведомить заявителя о приостановлении процедуры через портал. || Добавлена обязанность уведомления о приостановлении.,experiments/ml_corpus/test.csv
synthetic_refusal_ground_change_001:chg_001,synthetic_refusal_ground_change_001,chg_001,critical,critical,critical,critical,0.986125,1,1,1,|| Основанием для отказа является непредставление обязательных документов в установленный срок. || Добавлено основание отказа по сроку.,experiments/ml_corpus/test.csv
synthetic_refusal_ground_change_003:chg_001,synthetic_refusal_ground_change_003,chg_001,critical,critical,critical,critical,0.912704,1,1,1,|| Основанием для отказа является отсутствие подтверждения оплаты обязательного сбора. || Добавлено основание отказа по оплате.,experiments/ml_corpus/test.csv
synthetic_refusal_ground_change_009:chg_001,synthetic_refusal_ground_change_009,chg_001,critical,critical,critical,critical,0.913561,1,1,1,|| Основанием для отказа является несоблюдение установленного канала подачи заявления. || Добавлено основание отказа по каналу подачи.,experiments/ml_corpus/test.csv
synthetic_responsibility_change_009:chg_001,synthetic_responsibility_change_009,chg_001,critical,critical,critical,critical,0.852987,1,1,1,|| За нарушение сроков согласования руководитель подразделения несет персональную ответственность. || Добавлена ответственность руководителя.,experiments/ml_corpus/test.csv
pair_09_mixed_significant_and_editorial:chg_002,pair_09_mixed_significant_and_editorial,chg_002,editorial,editorial,editorial,editorial,0.878187,1,1,1,Сотрудник осуществляет проверку сведений по внутренним источникам. || Сотрудник выполняет проверку сведений по внутренним источникам. || Редакционная замена глагола без изменения процедуры проверки.,experiments/ml_corpus/test.csv
synthetic_formatting_or_editorial_change_008:chg_001,synthetic_formatting_or_editorial_change_008,chg_001,editorial,editorial,editorial,editorial,0.967125,1,1,1,Информация о графике приема публикуется ежемесячно. || Информация о графике приема публикуется ежемесячно. || Технический перенос справочного пункта.,experiments/ml_corpus/test.csv
synthetic_terminology_change_004:chg_001,synthetic_terminology_change_004,chg_001,editorial,important,editorial,important,0.754628,0,1,0,Ответственный специалист осуществляет прием документов. || Ответственный специалист выполняет прием документов. || Терминологическая замена без изменения действия.,experiments/ml_corpus/test.csv
synthetic_terminology_change_007:chg_001,synthetic_terminology_change_007,chg_001,editorial,important,editorial,important,0.7766,0,1,0,Заявление регистрируется уполномоченным сотрудником. || Заявление регистрируется ответственным сотрудником. || Замена обозначения роли.,experiments/ml_corpus/test.csv
synthetic_terminology_change_009:chg_001,synthetic_terminology_change_009,chg_001,editorial,important,editorial,important,0.770508,0,1,0,Документ оформляется в письменной форме. || Документ оформляется письменно. || Редакционное сокращение формулировки.,experiments/ml_corpus/test.csv
synthetic_document_list_change_004:chg_001,synthetic_document_list_change_004,chg_001,important,important,important,important,0.690656,1,1,1,|| Заявитель представляет копию платежного документа об оплате внутреннего сбора. || Добавлен платежный документ.,experiments/ml_corpus/test.csv
synthetic_document_list_change_007:chg_001,synthetic_document_list_change_007,chg_001,important,important,informational,important,0.576357,1,0,1,|| Заявитель представляет выписку из внутренней учетной системы. || Добавлена выписка из учетной системы.,experiments/ml_corpus/test.csv
synthetic_payment_or_fee_change_005:chg_001,synthetic_payment_or_fee_change_005,chg_001,important,important,important,important,0.59205,1,1,1,Платежный документ хранится в подразделении 10 дней. || Платежный документ хранится в подразделении 30 дней. || Изменен срок хранения платежного документа.,experiments/ml_corpus/test.csv
synthetic_payment_or_fee_change_006:chg_001,synthetic_payment_or_fee_change_006,chg_001,important,important,important,important,0.824837,1,1,1,Возврат переплаты производится по письменному заявлению. || Возврат переплаты производится по письменному или электронному заявлению. || Изменен порядок возврата переплаты.,experiments/ml_corpus/test.csv
synthetic_payment_or_fee_change_007:chg_001,synthetic_payment_or_fee_change_007,chg_001,important,important,important,important,0.491435,1,1,1,Размер пошлины для повторного обращения составляет 150 рублей. || Размер пошлины для повторного обращения составляет 250 рублей. || Изменен размер пошлины для повторного обращения.,experiments/ml_corpus/test.csv
synthetic_procedure_change_002:chg_001,synthetic_procedure_change_002,chg_001,important,important,editorial,important,0.639453,1,0,1,Проверка сведений проводится после регистрации обращения. || Проверка сведений проводится до регистрации обращения. || Изменена последовательность проверки.,experiments/ml_corpus/test.csv
synthetic_procedure_change_004:chg_001,synthetic_procedure_change_004,chg_001,important,important,important,important,0.691655,1,1,1,Сотрудник принимает документы без предварительной записи. || Сотрудник принимает документы по предварительной записи через внутренний портал. || Добавлена запись через портал.,experiments/ml_corpus/test.csv
synthetic_procedure_change_006:chg_001,synthetic_procedure_change_006,chg_001,important,important,important,important,0.546505,1,1,1,Повторная проверка выполняется тем же специалистом. || Повторная проверка выполняется профильным подразделением. || Изменен исполнитель повторной проверки.,experiments/ml_corpus/test.csv
pair_09_mixed_significant_and_editorial:chg_004,pair_09_mixed_significant_and_editorial,chg_004,informational,informational,critical,informational,0.480033,1,0,1,|| Справочная информация о статусе запроса доступна в локальной системе учета. || Добавлено справочное указание о доступности статуса запроса.,experiments/ml_corpus/test.csv
synthetic_clarification_change_007:chg_001,synthetic_clarification_change_007,chg_001,informational,important,informational,important,0.863026,0,1,0,Результат отображается в журнале учета. || Результат отображается в журнале учета в виде справочной отметки. || Уточнен вид отметки.,experiments/ml_corpus/test.csv
synthetic_contact_or_channel_change_005:chg_001,synthetic_contact_or_channel_change_005,chg_001,informational,important,informational,important,0.706634,0,1,0,|| Информация о режиме работы публикуется на официальной странице подразделения. || Добавлен канал информирования о режиме работы.,experiments/ml_corpus/test.csv
synthetic_contact_or_channel_change_007:chg_001,synthetic_contact_or_channel_change_007,chg_001,informational,important,informational,important,0.512995,0,1,0,|| Уведомления о технических работах размещаются в разделе новостей портала. || Добавлен информационный канал о технических работах.,experiments/ml_corpus/test.csv
synthetic_contact_or_channel_change_008:chg_001,synthetic_contact_or_channel_change_008,chg_001,informational,important,informational,important,0.803625,0,1,0,|| Справочный чат доступен в локальной системе учета обращений. || Добавлен чатовый справочный канал.,experiments/ml_corpus/test.csv
synthetic_mixed_change_003:chg_001,synthetic_mixed_change_003,chg_001,informational,important,informational,important,0.661413,0,1,0,Информация о порядке записи предоставляется устно. || Информация о порядке записи предоставляется устно и в виде памятки. || Добавлена памятка без изменения процедуры.,experiments/ml_corpus/test.csv
synthetic_mixed_change_005:chg_001,synthetic_mixed_change_005,chg_001,informational,important,informational,important,0.681374,0,1,0,Контактные данные публикуются на портале. || Контактные данные публикуются на портале и в приложении к регламенту. || Добавлен второй информационный источник.,experiments/ml_corpus/test.csv
synthetic_mixed_change_008:chg_001,synthetic_mixed_change_008,chg_001,informational,informational,informational,informational,0.486682,1,1,1,Пояснение по оплате размещается в памятке. || Пояснение по оплате размещается в памятке и на странице подразделения. || Добавлено дублирующее пояснение по оплате.,experiments/ml_corpus/test.csv
synthetic_reference_change_008:chg_001,synthetic_reference_change_008,chg_001,informational,important,informational,important,0.725416,0,1,0,Перечень контактов приводится в приложении. || Перечень контактов приводится в приложении 4. || Уточнена ссылка на приложение с контактами.,experiments/ml_corpus/test.csv
