example_id,true_label,rule_based_label,ml_label,hybrid_label,error_type,text_preview,explanation
pair_05_editorial_change:chg_001,editorial,editorial,important,important,ml_error|hybrid_error|rule_ml_disagreement,"Сотрудник осуществляет проверку документов на предмет комплектности. || Сотрудник выполняет проверку документов на предмет комплектности. || Редакционная замена глагола без изменения обязанности, с...","Редакционная замена глагола без изменения обязанности, срока, перечня документов или процедуры."
pair_08_reordered_structure:chg_001,editorial,editorial,important,editorial,ml_error|rule_ml_disagreement,Контроль полноты сведений проводится до регистрации обращения. || Контроль полноты сведений проводится до регистрации обращения. || Фрагмент перенесен в другой структурный раздел без изменения соде...,Фрагмент перенесен в другой структурный раздел без изменения содержания.
pair_09_mixed_significant_and_editorial:chg_002,editorial,editorial,important,important,ml_error|hybrid_error|rule_ml_disagreement,Сотрудник осуществляет проверку сведений по внутренним источникам. || Сотрудник выполняет проверку сведений по внутренним источникам. || Редакционная замена глагола без изменения процедуры проверки.,Редакционная замена глагола без изменения процедуры проверки.
pair_09_mixed_significant_and_editorial:chg_004,informational,informational,critical,informational,ml_error|rule_ml_disagreement,|| Справочная информация о статусе запроса доступна в локальной системе учета. || Добавлено справочное указание о доступности статуса запроса.,Добавлено справочное указание о доступности статуса запроса.
synthetic_clarification_change_001:chg_001,informational,important,informational,important,rule_based_error|hybrid_error|rule_ml_disagreement,Заявитель получает справочную информацию по запросу. || Заявитель получает справочную информацию по мотивированному запросу. || Уточнено справочное условие без правового эффекта.,Уточнено справочное условие без правового эффекта.
synthetic_clarification_change_002:chg_001,informational,important,informational,important,rule_based_error|hybrid_error|rule_ml_disagreement,Сведения отображаются в учетной системе. || Сведения отображаются в учетной системе в справочном режиме. || Уточнен режим отображения сведений.,Уточнен режим отображения сведений.
synthetic_clarification_change_004:chg_001,informational,important,informational,important,rule_based_error|hybrid_error|rule_ml_disagreement,Информация предоставляется в устной форме. || Информация предоставляется в устной форме при необходимости дополнительного разъяснения. || Уточнены условия разъяснения.,Уточнены условия разъяснения.
synthetic_terminology_change_001:chg_001,editorial,important,important,important,rule_based_error|ml_error|hybrid_error,Сотрудник осуществляет проверку комплектности документов. || Сотрудник выполняет проверку комплектности документов. || Замена глагола без смыслового эффекта.,Замена глагола без смыслового эффекта.
synthetic_terminology_change_002:chg_001,editorial,important,important,important,rule_based_error|ml_error|hybrid_error,Проверка проводится в соответствии с регламентом. || Проверка проводится согласно регламенту. || Замена речевой конструкции.,Замена речевой конструкции.
synthetic_terminology_change_003:chg_001,editorial,important,important,important,rule_based_error|ml_error|hybrid_error,Заявитель направляет письменное уведомление. || Заявитель направляет письменное сообщение. || Терминологическая замена.,Терминологическая замена.
synthetic_terminology_change_004:chg_001,editorial,important,important,important,rule_based_error|ml_error|hybrid_error,Ответственный специалист осуществляет прием документов. || Ответственный специалист выполняет прием документов. || Терминологическая замена без изменения действия.,Терминологическая замена без изменения действия.
synthetic_terminology_change_005:chg_001,editorial,important,important,important,rule_based_error|ml_error|hybrid_error,Документы подлежат последующей проверке. || Документы подлежат дальнейшей проверке. || Замена синонима.,Замена синонима.
synthetic_terminology_change_006:chg_001,editorial,important,important,important,rule_based_error|ml_error|hybrid_error,Сотрудник информирует заявителя о результате. || Сотрудник уведомляет заявителя о результате. || Замена слова без изменения обязательства.,Замена слова без изменения обязательства.
synthetic_terminology_change_007:chg_001,editorial,important,important,important,rule_based_error|ml_error|hybrid_error,Заявление регистрируется уполномоченным сотрудником. || Заявление регистрируется ответственным сотрудником. || Замена обозначения роли.,Замена обозначения роли.
synthetic_terminology_change_008:chg_001,editorial,important,informational,important,rule_based_error|ml_error|hybrid_error|rule_ml_disagreement,Сведения размещаются в локальной системе учета. || Сведения размещаются в внутренней системе учета. || Терминологическое уточнение.,Терминологическое уточнение.
synthetic_terminology_change_009:chg_001,editorial,important,important,important,rule_based_error|ml_error|hybrid_error,Документ оформляется в письменной форме. || Документ оформляется письменно. || Редакционное сокращение формулировки.,Редакционное сокращение формулировки.
synthetic_terminology_change_010:chg_001,editorial,important,informational,important,rule_based_error|ml_error|hybrid_error|rule_ml_disagreement,Результат проверки отражается в журнале. || Результат проверки фиксируется в журнале. || Редакционная замена глагола.,Редакционная замена глагола.
synthetic_formatting_or_editorial_change_001:chg_001,editorial,editorial,important,editorial,ml_error|rule_ml_disagreement,Контроль полноты сведений проводится до регистрации обращения. || Контроль полноты сведений проводится до регистрации обращения. || Перенос фрагмента без изменения содержания.,Перенос фрагмента без изменения содержания.
synthetic_formatting_or_editorial_change_002:chg_001,editorial,important,important,important,rule_based_error|ml_error|hybrid_error,Порядок уведомления заявителя определяется регламентом. || Порядок уведомления заявителя определяется регламентом. || Структурный перенос без изменения текста.,Структурный перенос без изменения текста.
synthetic_formatting_or_editorial_change_003:chg_001,editorial,editorial,informational,informational,ml_error|hybrid_error|rule_ml_disagreement,Форма заявления приведена в приложении 1. || Форма заявления приведена в приложении 1. || Перенос строки в другой раздел без изменения смысла.,Перенос строки в другой раздел без изменения смысла.
synthetic_formatting_or_editorial_change_004:chg_001,editorial,important,important,important,rule_based_error|ml_error|hybrid_error,Справочный номер обращения указывается в уведомлении. || Справочный номер обращения указывается в уведомлении. || Редакционный перенос пункта.,Редакционный перенос пункта.
synthetic_formatting_or_editorial_change_005:chg_001,editorial,editorial,important,editorial,ml_error|rule_ml_disagreement,Контактные данные публикуются на стенде подразделения. || Контактные данные публикуются на стенде подразделения. || Техническая перестановка без смыслового эффекта.,Техническая перестановка без смыслового эффекта.
synthetic_formatting_or_editorial_change_006:chg_001,editorial,editorial,important,editorial,ml_error|rule_ml_disagreement,Заявитель вправе получить консультацию сотрудника. || Заявитель вправе получить консультацию сотрудника. || Перестановка блока без изменения текста.,Перестановка блока без изменения текста.
synthetic_formatting_or_editorial_change_007:chg_001,editorial,editorial,important,editorial,ml_error|rule_ml_disagreement,Документы проверяются после регистрации обращения. || Документы проверяются после регистрации обращения. || Изменена позиция фрагмента без изменения смысла.,Изменена позиция фрагмента без изменения смысла.
synthetic_formatting_or_editorial_change_008:chg_001,editorial,editorial,important,editorial,ml_error|rule_ml_disagreement,Информация о графике приема публикуется ежемесячно. || Информация о графике приема публикуется ежемесячно. || Технический перенос справочного пункта.,Технический перенос справочного пункта.
synthetic_formatting_or_editorial_change_009:chg_001,editorial,editorial,informational,editorial,ml_error|rule_ml_disagreement,Результат проверки отражается в журнале учета. || Результат проверки отражается в журнале учета. || Перенос записи в другой раздел.,Перенос записи в другой раздел.
synthetic_formatting_or_editorial_change_010:chg_001,editorial,editorial,important,editorial,ml_error|rule_ml_disagreement,Уточнение сведений выполняется ответственным специалистом. || Уточнение сведений выполняется ответственным специалистом. || Редакционный перенос без смыслового эффекта.,Редакционный перенос без смыслового эффекта.
